<?xml version="1.0" encoding="UTF-8" standalone="yes"?>
<annotation>
  <filename>https://nnts.imgix.net/uploadedfiles/46b66638-6bdf-49ba-b600-9e83a8dfe9b7/PredictionImages/1525637967.jpeg?expires=1624504536&amp;or=0&amp;s=28d110b9a3401c4a8b22b3919050d652</filename>
  <object>
    <name>g</name>
    <bndbox>
      <xmin>203</xmin>
      <ymin>51</ymin>
      <xmax>261</xmax>
      <ymax>101</ymax>
    </bndbox>
    <score>0.9913532</score>
  </object>
  <object>
    <name>g</name>
    <bndbox>
      <xmin>119</xmin>
      <ymin>53</ymin>
      <xmax>168</xmax>
      <ymax>112</ymax>
    </bndbox>
    <score>0.97680295</score>
  </object>
  <object>
    <name>g</name>
    <bndbox>
      <xmin>192</xmin>
      <ymin>111</ymin>
      <xmax>242</xmax>
      <ymax>168</ymax>
    </bndbox>
    <score>0.9728283</score>
  </object>
  <object>
    <name>g</name>
    <bndbox>
      <xmin>24</xmin>
      <ymin>106</ymin>
      <xmax>79</xmax>
      <ymax>164</ymax>
    </bndbox>
    <score>0.9713381</score>
  </object>
  <object>
    <name>g</name>
    <bndbox>
      <xmin>99</xmin>
      <ymin>111</ymin>
      <xmax>151</xmax>
      <ymax>166</ymax>
    </bndbox>
    <score>0.945696</score>
  </object>
  <object>
    <name>g</name>
    <bndbox>
      <xmin>56</xmin>
      <ymin>71</ymin>
      <xmax>126</xmax>
      <ymax>127</ymax>
    </bndbox>
    <score>0.8986463</score>
  </object>
  <object>
    <name>g</name>
    <bndbox>
      <xmin>169</xmin>
      <ymin>80</ymin>
      <xmax>205</xmax>
      <ymax>129</ymax>
    </bndbox>
    <score>0.6881087</score>
  </object>
</annotation>