<?xml version="1.0" encoding="UTF-8" standalone="yes"?>
<annotation>
  <filename>https://nnts.imgix.net/uploadedfiles/46b66638-6bdf-49ba-b600-9e83a8dfe9b7/PredictionImages/1601281443.jpeg?expires=1624504536&amp;or=0&amp;s=4cbdf599307c6e0c36a6fe0df38cbc86</filename>
  <object>
    <name>g</name>
    <bndbox>
      <xmin>19</xmin>
      <ymin>53</ymin>
      <xmax>110</xmax>
      <ymax>114</ymax>
    </bndbox>
    <score>0.99535227</score>
  </object>
  <object>
    <name>g</name>
    <bndbox>
      <xmin>112</xmin>
      <ymin>80</ymin>
      <xmax>197</xmax>
      <ymax>143</ymax>
    </bndbox>
    <score>0.98304313</score>
  </object>
  <object>
    <name>g</name>
    <bndbox>
      <xmin>14</xmin>
      <ymin>30</ymin>
      <xmax>136</xmax>
      <ymax>107</ymax>
    </bndbox>
    <score>0.95855105</score>
  </object>
  <object>
    <name>g</name>
    <bndbox>
      <xmin>166</xmin>
      <ymin>44</ymin>
      <xmax>245</xmax>
      <ymax>109</ymax>
    </bndbox>
    <score>0.9555204</score>
  </object>
  <object>
    <name>g</name>
    <bndbox>
      <xmin>41</xmin>
      <ymin>26</ymin>
      <xmax>142</xmax>
      <ymax>71</ymax>
    </bndbox>
    <score>0.9345866</score>
  </object>
  <object>
    <name>g</name>
    <bndbox>
      <xmin>29</xmin>
      <ymin>24</ymin>
      <xmax>148</xmax>
      <ymax>91</ymax>
    </bndbox>
    <score>0.8013147</score>
  </object>
  <object>
    <name>g</name>
    <bndbox>
      <xmin>128</xmin>
      <ymin>49</ymin>
      <xmax>242</xmax>
      <ymax>135</ymax>
    </bndbox>
    <score>0.7336331</score>
  </object>
  <object>
    <name>g</name>
    <bndbox>
      <xmin>151</xmin>
      <ymin>38</ymin>
      <xmax>253</xmax>
      <ymax>121</ymax>
    </bndbox>
    <score>0.6596187</score>
  </object>
</annotation>