<?xml version="1.0" encoding="UTF-8" standalone="yes"?>
<annotation>
  <filename>https://nnts.imgix.net/uploadedfiles/46b66638-6bdf-49ba-b600-9e83a8dfe9b7/PredictionImages/1733214854.jpeg?expires=1624504536&amp;or=0&amp;s=721201b683d07b4d6df5f671e57388b6</filename>
  <object>
    <name>g</name>
    <bndbox>
      <xmin>0</xmin>
      <ymin>0</ymin>
      <xmax>0</xmax>
      <ymax>0</ymax>
    </bndbox>
    <score>0.99535227</score>
  </object>
  <object>
    <name>g</name>
    <bndbox>
      <xmin>0</xmin>
      <ymin>0</ymin>
      <xmax>0</xmax>
      <ymax>0</ymax>
    </bndbox>
    <score>0.98304313</score>
  </object>
  <object>
    <name>g</name>
    <bndbox>
      <xmin>0</xmin>
      <ymin>0</ymin>
      <xmax>0</xmax>
      <ymax>0</ymax>
    </bndbox>
    <score>0.95855105</score>
  </object>
  <object>
    <name>g</name>
    <bndbox>
      <xmin>0</xmin>
      <ymin>0</ymin>
      <xmax>0</xmax>
      <ymax>0</ymax>
    </bndbox>
    <score>0.9555204</score>
  </object>
  <object>
    <name>g</name>
    <bndbox>
      <xmin>0</xmin>
      <ymin>0</ymin>
      <xmax>0</xmax>
      <ymax>0</ymax>
    </bndbox>
    <score>0.9345866</score>
  </object>
  <object>
    <name>g</name>
    <bndbox>
      <xmin>29</xmin>
      <ymin>24</ymin>
      <xmax>148</xmax>
      <ymax>91</ymax>
    </bndbox>
    <score>0.8013147</score>
  </object>
  <object>
    <name>g</name>
    <bndbox>
      <xmin>128</xmin>
      <ymin>49</ymin>
      <xmax>242</xmax>
      <ymax>135</ymax>
    </bndbox>
    <score>0.7336331</score>
  </object>
  <object>
    <name>g</name>
    <bndbox>
      <xmin>151</xmin>
      <ymin>38</ymin>
      <xmax>253</xmax>
      <ymax>121</ymax>
    </bndbox>
    <score>0.6596187</score>
  </object>
</annotation>