<?xml version="1.0" encoding="UTF-8" standalone="yes"?>
<annotation>
  <filename>https://nnts.imgix.net/uploadedfiles/46b66638-6bdf-49ba-b600-9e83a8dfe9b7/PredictionImages/1844861105.jpeg?expires=1624504536&amp;or=0&amp;s=52d26b7779d3bafbcb2a9fb657d3b8b5</filename>
  <object>
    <name>g</name>
    <bndbox>
      <xmin>77</xmin>
      <ymin>37</ymin>
      <xmax>230</xmax>
      <ymax>95</ymax>
    </bndbox>
    <score>0.9987979</score>
  </object>
  <object>
    <name>g</name>
    <bndbox>
      <xmin>61</xmin>
      <ymin>111</ymin>
      <xmax>231</xmax>
      <ymax>157</ymax>
    </bndbox>
    <score>0.960486</score>
  </object>
</annotation>