<?xml version="1.0" encoding="UTF-8" standalone="yes"?>
<annotation>
  <filename>https://nnts.imgix.net/uploadedfiles/46b66638-6bdf-49ba-b600-9e83a8dfe9b7/PredictionImages/299715366.jpeg?expires=1624504536&amp;or=0&amp;s=62858b28dc6261d86bdc623d1446bfc0</filename>
  <object>
    <name>g</name>
    <bndbox>
      <xmin>175</xmin>
      <ymin>76</ymin>
      <xmax>256</xmax>
      <ymax>113</ymax>
    </bndbox>
    <score>0.9938361</score>
  </object>
  <object>
    <name>g</name>
    <bndbox>
      <xmin>155</xmin>
      <ymin>30</ymin>
      <xmax>224</xmax>
      <ymax>73</ymax>
    </bndbox>
    <score>0.9937295</score>
  </object>
  <object>
    <name>g</name>
    <bndbox>
      <xmin>156</xmin>
      <ymin>27</ymin>
      <xmax>238</xmax>
      <ymax>98</ymax>
    </bndbox>
    <score>0.5091576</score>
  </object>
</annotation>