<?xml version="1.0" encoding="UTF-8" standalone="yes"?>
<annotation>
  <filename>https://nnts.imgix.net/uploadedfiles/46b66638-6bdf-49ba-b600-9e83a8dfe9b7/PredictionImages/690460123.jpeg?expires=1624504536&amp;or=0&amp;s=9cdc41980c1e1110f8b073196ae74bd3</filename>
  <object>
    <name>g</name>
    <bndbox>
      <xmin>43</xmin>
      <ymin>100</ymin>
      <xmax>164</xmax>
      <ymax>167</ymax>
    </bndbox>
    <score>0.80514973</score>
  </object>
  <object>
    <name>g</name>
    <bndbox>
      <xmin>43</xmin>
      <ymin>49</ymin>
      <xmax>168</xmax>
      <ymax>170</ymax>
    </bndbox>
    <score>0.7358837</score>
  </object>
  <object>
    <name>g</name>
    <bndbox>
      <xmin>47</xmin>
      <ymin>31</ymin>
      <xmax>232</xmax>
      <ymax>169</ymax>
    </bndbox>
    <score>0.5591744</score>
  </object>
  <object>
    <name>g</name>
    <bndbox>
      <xmin>193</xmin>
      <ymin>22</ymin>
      <xmax>237</xmax>
      <ymax>90</ymax>
    </bndbox>
    <score>0.5578233</score>
  </object>
  <object>
    <name>g</name>
    <bndbox>
      <xmin>164</xmin>
      <ymin>66</ymin>
      <xmax>248</xmax>
      <ymax>172</ymax>
    </bndbox>
    <score>0.5576369</score>
  </object>
</annotation>